<?xml version="1.0" encoding="UTF-8"?>

<!-- generated on 2025-08-15 23:07:45 by Eclipse SUMO GUI Version 1.24.0
<sumoConfiguration xmlns:xsi="http://www.w3.org/2001/XMLSchema-instance" xsi:noNamespaceSchemaLocation="http://sumo.dlr.de/xsd/sumoConfiguration.xsd">

    <input>
        <net-file value="network.net.xml"/>
        <route-files value="routes.rou.xml"/>
        <additional-files value="parking.add.xml"/>
    </input>

    <output>
        <summary-output value="output/summary.xml"/>
    </output>

    <time>
        <begin value="0"/>
        <end value="3600"/>
        <step-length value="1.0"/>
    </time>

    <processing>
        <time-to-teleport value="-1"/>
    </processing>

    <traci_server>
        <remote-port value="62409"/>
    </traci_server>

</sumoConfiguration>
-->

<summary xmlns:xsi="http://www.w3.org/2001/XMLSchema-instance" xsi:noNamespaceSchemaLocation="http://sumo.dlr.de/xsd/summary_file.xsd">
    <step time="0.00" loaded="3" inserted="1" running="1" waiting="2" ended="0" arrived="0" collisions="0" teleports="0" halting="1" stopped="0" meanWaitingTime="0.00" meanTravelTime="-1.00" meanSpeed="0.00" meanSpeedRelative="0.00" duration="1"/>
    <step time="1.00" loaded="3" inserted="1" running="1" waiting="2" ended="0" arrived="0" collisions="0" teleports="0" halting="0" stopped="0" meanWaitingTime="0.00" meanTravelTime="-1.00" meanSpeed="1.34" meanSpeedRelative="0.24" duration="0"/>
    <step time="2.00" loaded="3" inserted="1" running="1" waiting="2" ended="0" arrived="0" collisions="0" teleports="0" halting="0" stopped="0" meanWaitingTime="0.00" meanTravelTime="-1.00" meanSpeed="3.40" meanSpeedRelative="0.61" duration="0"/>
    <step time="3.00" loaded="3" inserted="2" running="2" waiting="1" ended="0" arrived="0" collisions="0" teleports="0" halting="1" stopped="0" meanWaitingTime="1.50" meanTravelTime="-1.00" meanSpeed="2.44" meanSpeedRelative="0.44" duration="0"/>
    <step time="4.00" loaded="3" inserted="2" running="2" waiting="1" ended="0" arrived="0" collisions="0" teleports="0" halting="0" stopped="0" meanWaitingTime="1.50" meanTravelTime="-1.00" meanSpeed="3.84" meanSpeedRelative="0.69" duration="0"/>
    <step time="5.00" loaded="3" inserted="2" running="2" waiting="1" ended="0" arrived="0" collisions="0" teleports="0" halting="0" stopped="0" meanWaitingTime="1.50" meanTravelTime="-1.00" meanSpeed="4.64" meanSpeedRelative="0.83" duration="0"/>
    <step time="6.00" loaded="3" inserted="3" running="3" waiting="0" ended="0" arrived="0" collisions="0" teleports="0" halting="1" stopped="0" meanWaitingTime="3.00" meanTravelTime="-1.00" meanSpeed="3.41" meanSpeedRelative="0.61" duration="0"/>
    <step time="7.00" loaded="3" inserted="3" running="3" waiting="0" ended="0" arrived="0" collisions="0" teleports="0" halting="0" stopped="0" meanWaitingTime="3.00" meanTravelTime="-1.00" meanSpeed="3.89" meanSpeedRelative="0.70" duration="0"/>
    <step time="8.00" loaded="3" inserted="3" running="3" waiting="0" ended="0" arrived="0" collisions="0" teleports="0" halting="0" stopped="0" meanWaitingTime="3.00" meanTravelTime="-1.00" meanSpeed="3.97" meanSpeedRelative="0.71" duration="0"/>
    <step time="9.00" loaded="4" inserted="4" running="4" waiting="0" ended="0" arrived="0" collisions="0" teleports="0" halting="1" stopped="0" meanWaitingTime="2.25" meanTravelTime="-1.00" meanSpeed="3.70" meanSpeedRelative="0.66" duration="0"/>
    <step time="10.00" loaded="4" inserted="4" running="4" waiting="0" ended="0" arrived="0" collisions="0" teleports="0" halting="0" stopped="0" meanWaitingTime="2.25" meanTravelTime="-1.00" meanSpeed="4.06" meanSpeedRelative="0.73" duration="0"/>
    <step time="11.00" loaded="4" inserted="4" running="4" waiting="0" ended="0" arrived="0" collisions="0" teleports="0" halting="0" stopped="0" meanWaitingTime="2.25" meanTravelTime="-1.00" meanSpeed="4.23" meanSpeedRelative="0.76" duration="0"/>
    <step time="12.00" loaded="5" inserted="5" running="5" waiting="0" ended="0" arrived="0" collisions="0" teleports="0" halting="1" stopped="0" meanWaitingTime="1.80" meanTravelTime="-1.00" meanSpeed="3.66" meanSpeedRelative="0.66" duration="0"/>
    <step time="13.00" loaded="5" inserted="5" running="5" waiting="0" ended="0" arrived="0" collisions="0" teleports="0" halting="0" stopped="0" meanWaitingTime="1.80" meanTravelTime="-1.00" meanSpeed="4.18" meanSpeedRelative="0.75" duration="0"/>
    <step time="14.00" loaded="5" inserted="5" running="5" waiting="0" ended="0" arrived="0" collisions="0" teleports="0" halting="0" stopped="0" meanWaitingTime="1.80" meanTravelTime="-1.00" meanSpeed="4.44" meanSpeedRelative="0.80" duration="0"/>
    <step time="15.00" loaded="5" inserted="5" running="5" waiting="0" ended="0" arrived="0" collisions="0" teleports="0" halting="0" stopped="0" meanWaitingTime="1.80" meanTravelTime="-1.00" meanSpeed="4.59" meanSpeedRelative="0.83" duration="0"/>
    <step time="16.00" loaded="5" inserted="5" running="5" waiting="0" ended="0" arrived="0" collisions="0" teleports="0" halting="0" stopped="0" meanWaitingTime="1.80" meanTravelTime="-1.00" meanSpeed="4.94" meanSpeedRelative="0.89" duration="0"/>
    <step time="17.00" loaded="5" inserted="5" running="5" waiting="0" ended="0" arrived="0" collisions="0" teleports="0" halting="0" stopped="0" meanWaitingTime="1.80" meanTravelTime="-1.00" meanSpeed="4.90" meanSpeedRelative="0.88" duration="0"/>
    <step time="18.00" loaded="7" inserted="6" running="6" waiting="1" ended="0" arrived="0" collisions="0" teleports="0" halting="1" stopped="0" meanWaitingTime="1.50" meanTravelTime="-1.00" meanSpeed="3.96" meanSpeedRelative="0.71" duration="0"/>
    <step time="19.00" loaded="7" inserted="6" running="6" waiting="1" ended="0" arrived="0" collisions="0" teleports="0" halting="0" stopped="0" meanWaitingTime="1.50" meanTravelTime="-1.00" meanSpeed="4.37" meanSpeedRelative="0.79" duration="0"/>
    <step time="20.00" loaded="7" inserted="6" running="6" waiting="1" ended="0" arrived="0" collisions="0" teleports="0" halting="0" stopped="0" meanWaitingTime="1.50" meanTravelTime="-1.00" meanSpeed="4.47" meanSpeedRelative="0.80" duration="0"/>
    <step time="21.00" loaded="7" inserted="7" running="7" waiting="0" ended="0" arrived="0" collisions="0" teleports="0" halting="1" stopped="0" meanWaitingTime="1.71" meanTravelTime="-1.00" meanSpeed="3.80" meanSpeedRelative="0.68" duration="0"/>
    <step time="22.00" loaded="7" inserted="7" running="7" waiting="0" ended="0" arrived="0" collisions="0" teleports="0" halting="0" stopped="0" meanWaitingTime="1.71" meanTravelTime="-1.00" meanSpeed="4.10" meanSpeedRelative="0.74" duration="0"/>
    <step time="23.00" loaded="7" inserted="7" running="7" waiting="0" ended="0" arrived="0" collisions="0" teleports="0" halting="0" stopped="0" meanWaitingTime="1.71" meanTravelTime="-1.00" meanSpeed="4.40" meanSpeedRelative="0.79" duration="0"/>
    <step time="24.00" loaded="8" inserted="8" running="8" waiting="0" ended="0" arrived="0" collisions="0" teleports="0" halting="1" stopped="0" meanWaitingTime="1.50" meanTravelTime="-1.00" meanSpeed="3.66" meanSpeedRelative="0.66" duration="0"/>
    <step time="25.00" loaded="8" inserted="8" running="8" waiting="0" ended="0" arrived="0" collisions="0" teleports="0" halting="0" stopped="0" meanWaitingTime="1.50" meanTravelTime="-1.00" meanSpeed="4.46" meanSpeedRelative="0.80" duration="0"/>
    <step time="26.00" loaded="8" inserted="8" running="8" waiting="0" ended="0" arrived="0" collisions="0" teleports="0" halting="0" stopped="0" meanWaitingTime="1.50" meanTravelTime="-1.00" meanSpeed="4.47" meanSpeedRelative="0.80" duration="0"/>
    <step time="27.00" loaded="9" inserted="9" running="9" waiting="0" ended="0" arrived="0" collisions="0" teleports="0" halting="1" stopped="0" meanWaitingTime="1.33" meanTravelTime="-1.00" meanSpeed="4.05" meanSpeedRelative="0.73" duration="0"/>
    <step time="28.00" loaded="9" inserted="9" running="9" waiting="0" ended="0" arrived="0" collisions="0" teleports="0" halting="0" stopped="0" meanWaitingTime="1.33" meanTravelTime="-1.00" meanSpeed="4.31" meanSpeedRelative="0.78" duration="0"/>
    <step time="29.00" loaded="9" inserted="9" running="9" waiting="0" ended="0" arrived="0" collisions="0" teleports="0" halting="0" stopped="0" meanWaitingTime="1.33" meanTravelTime="-1.00" meanSpeed="4.35" meanSpeedRelative="0.78" duration="0"/>
    <step time="30.00" loaded="9" inserted="9" running="9" waiting="0" ended="0" arrived="0" collisions="0" teleports="0" halting="0" stopped="0" meanWaitingTime="1.33" meanTravelTime="-1.00" meanSpeed="4.32" meanSpeedRelative="0.78" duration="0"/>
    <step time="31.00" loaded="9" inserted="9" running="9" waiting="0" ended="0" arrived="0" collisions="0" teleports="0" halting="0" stopped="0" meanWaitingTime="1.33" meanTravelTime="-1.00" meanSpeed="4.31" meanSpeedRelative="0.78" duration="0"/>
    <step time="32.00" loaded="9" inserted="9" running="9" waiting="0" ended="0" arrived="0" collisions="0" teleports="0" halting="0" stopped="0" meanWaitingTime="1.33" meanTravelTime="-1.00" meanSpeed="4.40" meanSpeedRelative="0.79" duration="0"/>
    <step time="33.00" loaded="9" inserted="9" running="9" waiting="0" ended="0" arrived="0" collisions="0" teleports="0" halting="0" stopped="0" meanWaitingTime="1.33" meanTravelTime="-1.00" meanSpeed="4.54" meanSpeedRelative="0.82" duration="0"/>
    <step time="34.00" loaded="9" inserted="9" running="9" waiting="0" ended="0" arrived="0" collisions="0" teleports="0" halting="0" stopped="0" meanWaitingTime="1.33" meanTravelTime="-1.00" meanSpeed="4.52" meanSpeedRelative="0.81" duration="0"/>
    <step time="35.00" loaded="9" inserted="9" running="9" waiting="0" ended="0" arrived="0" collisions="0" teleports="0" halting="0" stopped="0" meanWaitingTime="1.33" meanTravelTime="-1.00" meanSpeed="4.58" meanSpeedRelative="0.82" duration="0"/>
    <step time="36.00" loaded="12" inserted="10" running="10" waiting="2" ended="0" arrived="0" collisions="0" teleports="0" halting="1" stopped="0" meanWaitingTime="1.20" meanTravelTime="-1.00" meanSpeed="3.93" meanSpeedRelative="0.71" duration="0"/>
    <step time="37.00" loaded="12" inserted="10" running="10" waiting="2" ended="0" arrived="0" collisions="0" teleports="0" halting="0" stopped="0" meanWaitingTime="1.20" meanTravelTime="-1.00" meanSpeed="4.25" meanSpeedRelative="0.76" duration="0"/>
    <step time="38.00" loaded="12" inserted="10" running="10" waiting="2" ended="0" arrived="0" collisions="0" teleports="0" halting="0" stopped="0" meanWaitingTime="1.20" meanTravelTime="-1.00" meanSpeed="4.43" meanSpeedRelative="0.80" duration="0"/>
    <step time="39.00" loaded="12" inserted="11" running="11" waiting="1" ended="0" arrived="0" collisions="0" teleports="0" halting="1" stopped="0" meanWaitingTime="1.36" meanTravelTime="-1.00" meanSpeed="4.10" meanSpeedRelative="0.74" duration="0"/>
    <step time="40.00" loaded="12" inserted="11" running="11" waiting="1" ended="0" arrived="0" collisions="0" teleports="0" halting="0" stopped="0" meanWaitingTime="1.36" meanTravelTime="-1.00" meanSpeed="4.02" meanSpeedRelative="0.72" duration="0"/>
    <step time="41.00" loaded="12" inserted="11" running="11" waiting="1" ended="0" arrived="0" collisions="0" teleports="0" halting="0" stopped="0" meanWaitingTime="1.36" meanTravelTime="-1.00" meanSpeed="4.15" meanSpeedRelative="0.75" duration="0"/>
    <step time="42.00" loaded="12" inserted="12" running="12" waiting="0" ended="0" arrived="0" collisions="0" teleports="0" halting="1" stopped="0" meanWaitingTime="1.75" meanTravelTime="-1.00" meanSpeed="4.20" meanSpeedRelative="0.76" duration="0"/>
    <step time="43.00" loaded="12" inserted="12" running="12" waiting="0" ended="0" arrived="0" collisions="0" teleports="0" halting="0" stopped="0" meanWaitingTime="1.75" meanTravelTime="-1.00" meanSpeed="4.27" meanSpeedRelative="0.77" duration="0"/>
    <step time="44.00" loaded="12" inserted="12" running="12" waiting="0" ended="0" arrived="0" collisions="0" teleports="0" halting="0" stopped="0" meanWaitingTime="1.75" meanTravelTime="-1.00" meanSpeed="4.22" meanSpeedRelative="0.76" duration="0"/>
    <step time="45.00" loaded="13" inserted="13" running="13" waiting="0" ended="0" arrived="0" collisions="0" teleports="0" halting="1" stopped="0" meanWaitingTime="1.62" meanTravelTime="-1.00" meanSpeed="4.05" meanSpeedRelative="0.73" duration="0"/>
    <step time="46.00" loaded="13" inserted="13" running="13" waiting="0" ended="0" arrived="0" collisions="0" teleports="0" halting="0" stopped="0" meanWaitingTime="1.62" meanTravelTime="-1.00" meanSpeed="4.18" meanSpeedRelative="0.75" duration="0"/>
    <step time="47.00" loaded="13" inserted="13" running="12" waiting="0" ended="1" arrived="1" collisions="0" teleports="0" halting="0" stopped="0" meanWaitingTime="1.62" meanTravelTime="47.00" meanSpeed="4.20" meanSpeedRelative="0.76" duration="0"/>
    <step time="48.00" loaded="14" inserted="14" running="13" waiting="0" ended="1" arrived="1" collisions="0" teleports="0" halting="1" stopped="0" meanWaitingTime="1.50" meanTravelTime="47.00" meanSpeed="4.04" meanSpeedRelative="0.73" duration="0"/>
    <step time="49.00" loaded="14" inserted="14" running="13" waiting="0" ended="1" arrived="1" collisions="0" teleports="0" halting="0" stopped="0" meanWaitingTime="1.50" meanTravelTime="47.00" meanSpeed="4.08" meanSpeedRelative="0.73" duration="0"/>
    <step time="50.00" loaded="14" inserted="14" running="13" waiting="0" ended="1" arrived="1" collisions="0" teleports="0" halting="0" stopped="0" meanWaitingTime="1.50" meanTravelTime="47.00" meanSpeed="4.50" meanSpeedRelative="0.81" duration="0"/>
    <step time="51.00" loaded="14" inserted="14" running="13" waiting="0" ended="1" arrived="1" collisions="0" teleports="0" halting="0" stopped="0" meanWaitingTime="1.50" meanTravelTime="47.00" meanSpeed="4.27" meanSpeedRelative="0.77" duration="0"/>
    <step time="52.00" loaded="14" inserted="14" running="13" waiting="0" ended="1" arrived="1" collisions="0" teleports="0" halting="0" stopped="0" meanWaitingTime="1.50" meanTravelTime="47.00" meanSpeed="4.46" meanSpeedRelative="0.80" duration="0"/>
    <step time="53.00" loaded="14" inserted="14" running="13" waiting="0" ended="1" arrived="1" collisions="0" teleports="0" halting="0" stopped="0" meanWaitingTime="1.50" meanTravelTime="47.00" meanSpeed="4.27" meanSpeedRelative="0.77" duration="0"/>
    <step time="54.00" loaded="16" inserted="15" running="14" waiting="1" ended="1" arrived="1" collisions="0" teleports="0" halting="1" stopped="0" meanWaitingTime="1.40" meanTravelTime="47.00" meanSpeed="4.03" meanSpeedRelative="0.72" duration="0"/>
    <step time="55.00" loaded="16" inserted="15" running="14" waiting="1" ended="1" arrived="1" collisions="0" teleports="0" halting="0" stopped="0" meanWaitingTime="1.40" meanTravelTime="47.00" meanSpeed="4.19" meanSpeedRelative="0.75" duration="0"/>
    <step time="56.00" loaded="16" inserted="15" running="13" waiting="1" ended="2" arrived="2" collisions="0" teleports="0" halting="0" stopped="0" meanWaitingTime="1.40" meanTravelTime="50.00" meanSpeed="4.24" meanSpeedRelative="0.76" duration="0"/>
    <step time="57.00" loaded="16" inserted="16" running="14" waiting="0" ended="2" arrived="2" collisions="0" teleports="0" halting="1" stopped="0" meanWaitingTime="1.50" meanTravelTime="50.00" meanSpeed="4.18" meanSpeedRelative="0.75" duration="1"/>
    <step time="58.00" loaded="16" inserted="16" running="14" waiting="0" ended="2" arrived="2" collisions="0" teleports="0" halting="0" stopped="0" meanWaitingTime="1.50" meanTravelTime="50.00" meanSpeed="4.19" meanSpeedRelative="0.75" duration="0"/>
    <step time="59.00" loaded="16" inserted="16" running="13" waiting="0" ended="3" arrived="3" collisions="0" teleports="0" halting="0" stopped="0" meanWaitingTime="1.50" meanTravelTime="51.00" meanSpeed="4.08" meanSpeedRelative="0.73" duration="0"/>
    <step time="60.00" loaded="17" inserted="17" running="14" waiting="0" ended="3" arrived="3" collisions="0" teleports="0" halting="1" stopped="0" meanWaitingTime="1.41" meanTravelTime="51.00" meanSpeed="4.04" meanSpeedRelative="0.73" duration="0"/>
    <step time="61.00" loaded="17" inserted="17" running="14" waiting="0" ended="3" arrived="3" collisions="0" teleports="0" halting="0" stopped="0" meanWaitingTime="1.41" meanTravelTime="51.00" meanSpeed="3.93" meanSpeedRelative="0.71" duration="0"/>
    <step time="62.00" loaded="17" inserted="17" running="13" waiting="0" ended="4" arrived="4" collisions="0" teleports="0" halting="0" stopped="0" meanWaitingTime="1.41" meanTravelTime="51.50" meanSpeed="4.05" meanSpeedRelative="0.73" duration="0"/>
    <step time="63.00" loaded="18" inserted="18" running="14" waiting="0" ended="4" arrived="4" collisions="0" teleports="0" halting="1" stopped="0" meanWaitingTime="1.33" meanTravelTime="51.50" meanSpeed="3.97" meanSpeedRelative="0.71" duration="0"/>
    <step time="64.00" loaded="18" inserted="18" running="13" waiting="0" ended="5" arrived="5" collisions="0" teleports="0" halting="1" stopped="0" meanWaitingTime="1.33" meanTravelTime="51.60" meanSpeed="3.86" meanSpeedRelative="0.70" duration="0"/>
    <step time="65.00" loaded="18" inserted="18" running="13" waiting="0" ended="5" arrived="5" collisions="0" teleports="0" halting="0" stopped="0" meanWaitingTime="1.33" meanTravelTime="51.60" meanSpeed="4.11" meanSpeedRelative="0.74" duration="0"/>
    <step time="66.00" loaded="18" inserted="18" running="13" waiting="0" ended="5" arrived="5" collisions="0" teleports="0" halting="0" stopped="0" meanWaitingTime="1.33" meanTravelTime="51.60" meanSpeed="4.16" meanSpeedRelative="0.75" duration="0"/>
    <step time="67.00" loaded="18" inserted="18" running="13" waiting="0" ended="5" arrived="5" collisions="0" teleports="0" halting="0" stopped="0" meanWaitingTime="1.33" meanTravelTime="51.60" meanSpeed="4.13" meanSpeedRelative="0.74" duration="0"/>
    <step time="68.00" loaded="18" inserted="18" running="13" waiting="0" ended="5" arrived="5" collisions="0" teleports="0" halting="0" stopped="0" meanWaitingTime="1.33" meanTravelTime="51.60" meanSpeed="4.28" meanSpeedRelative="0.77" duration="0"/>
    <step time="69.00" loaded="18" inserted="18" running="13" waiting="0" ended="5" arrived="5" collisions="0" teleports="0" halting="0" stopped="0" meanWaitingTime="1.33" meanTravelTime="51.60" meanSpeed="4.00" meanSpeedRelative="0.72" duration="0"/>
</summary>
